x=1, n=13, |dx| = 0.5
,i,p_i,q_i
f,0,-1.3254634603586405592599374156229168178339107251072604504676437621e0,1.0000000000000000000000000000000000000000000000000000000000000000e0
f,1,4.2438776539980803119269090216277924297623800089438624775045616472e-1,-8.6678173238364154391860652172983712812788230567959509791905086829e-1
f,2,-8.7474585981440589197977967270901950055157800478758140898307620295e-2,4.7777556696710176993478419282365622735555008134207920077234549768e-1
f,3,-3.6334824446518845094007223473592431738591202265197135148830978979e-2,-1.7619492270091244262885632650906400203688002471148511141020067008e-1
f,4,2.0308386394652416643791965692508552477947644743662654597457367604e-2,4.9493584882354967853505633222246389709861439667734560799127642301e-2
f,5,-6.5497785839072261021905139107895058495744845117691466126483639209e-3,-1.0661645265177441737146484161486618436768980204872351472716747387e-2
f,6,1.2389548551685277382818508385090911031334531091502260626841008419e-3,1.8272872210726407147096314207757728717377968300233269564128552952e-3
f,7,-1.7661743314962097056214066897006598889525490633777818743591902300e-4,-2.4880441664141939815785761677010016470574095765832859233098602097e-4
f,8,1.7636368616414268411359975492836818478837965468707451503915107478e-5,2.7331381989811034629619888474966977913591721418988453014584646843e-5
f,9,-1.4908747626780664944290874348578697728019652963538026148432537601e-6,-2.4321110212360606719701800182008908460778453129613927344474946441e-6
f,10,1.1426331284435419048746132667285249271144757631956990059082248251e-7,1.7698166125567982156373611606244809076397074251602950813807369900e-7
f,11,-7.4871327105043721274717602697005312553199586503752081239281935281e-9,-1.0445402613049015120258731612186589906273304924974494760243725042e-8
f,12,2.7325486540920678589882937170231447057590403409872204259109771517e-10,4.6877550741036417613037726216878733643031876129813800285015590258e-10
f,13,-7.9077598068430022764345496043118371007454536933173293674737694701e-12,-1.1468882812687428511054007517919070766267423452107979734945905631e-11
,i,p_i,q_i
g,0,-2.7904063653172521164788543935368182951177580342697437762202978666e0,1.0000000000000000000000000000000000000000000000000000000000000000e0
g,1,1.2003632884931352018428224440704434663716907391975799439688206899e0,-9.3088901092846679190428308528112512750568977335100712668948367269e-1
g,2,-3.2292387993019613224949761939084065417637937799347322270115749424e-1,5.2829167041193503123973028012680562781613502600666281629946546896e-1
g,3,-3.8793970534552608529507640946250528089627394582310011516664207474e-2,-1.9990558122502413016488949715038507627168057644205736698297174533e-1
g,4,4.1531963080758286060764399944351668267813377894263606566543384336e-2,5.7264847614434944422609441003469400154244175820842686959925032041e-2
g,5,-1.6535119416824836391322410806879974886273123492574473228455888378e-2,-1.2573794769637892801429546286860461609269133867269547855424640140e-2
g,6,3.7691680129947618416958822070054755997797112002926842071543771744e-3,2.2069550642620167109494865392564988425878557720697872342927179799e-3
g,7,-6.7133736323875393319702885410079100027533443497569657812630994620e-4,-3.0783753018352816667234006435548970915423591413084969190033851902e-4
g,8,8.6296803825204091209633339349052555404743560028634421567508930740e-5,3.4775360313579633734129862988811865098189377694766985447126753261e-5
g,9,-9.2722372003894748750767356610020707384838816124609322890974436809e-6,-3.1063681343935101977558527026449837930351955991852676372291015896e-6
g,10,7.1888867695104972640595206059496352063905200868940206595043607134e-7,2.1842989279065880993138866663318351604207823632863657909148189795e-7
g,11,-4.5310573724939632914050688583557708121706728416445557271941099946e-8,-1.1237642037434296472608783716713524925133878366052362064134586519e-8
g,12,1.7247467393938699791682764684894578145669914548622144420642430207e-9,3.8404260397909191109025429323096999464799281619679415310489157611e-10
g,13,-4.3264674941941919223876177712097294380042432340523829512751762063e-11,-6.1353636640889776488222446542323932993218029979467046708985527377e-12
relative error = 2.0968593226e-32

x=2, n=14, |dx| = 0.5
,i,p_i,q_i
f,0,-2.1253678319792731002156491882627034682554929619736828598153649183e0,1.0000000000000000000000000000000000000000000000000000000000000000e0
f,1,1.0087671592828554799859537117562455454438147234635120448609223548e-1,-4.5539804125055279533431870491314813305981506784519275601567814777e-1
f,2,-3.3865827323356108921798142931491986800464359759284620710845430165e-1,3.1802080790389929838736413049571478193698026473739705004228768324e-1
f,3,-4.0519505830325728991054056391962484222940862428505613049537431215e-2,-9.3434711654308420411369011490825166580989855190918850881842850772e-2
f,4,-1.4852227339574440128749026124428722295433602682300899334152532877e-2,3.4484662558411995014519264143398658519278702987384454716367568847e-2
f,5,-7.0325000779110455510391018837938847517908822021169978808980124727e-3,-6.9746236616122109502881624456078039841783803727866194075513512474e-3
f,6,-1.9754143497011125719318718841723389005107846534272862569897145145e-4,1.7044784050334646910475054761128228052589662199611207821252585303e-3
f,7,-3.6399315957061156329377699887656043907109668385236900724634603515e-4,-2.3908857383781820986189167822687642249325206890660054080108582231e-4
f,8,-7.0747367907594981310579421075783878378894256448059295582414257488e-6,4.1428187528611369411720334780988634681516841587601161362152758312e-5
f,9,-8.0885673910191912071595609454215483071579971324949397084251875638e-6,-3.9000922962542329581638896531419742636583102549805522906783053832e-6
f,10,-3.4160438558898356967835900579793418372689356348178926043748548918e-7,4.8225033684482443604781623681732758361718940167769929637248727345e-7
f,11,-8.5292443314288434362698956492688462124036800892073291632868186221e-8,-2.8177384986937891764583337126087521498963706210962852721770021117e-8
f,12,-4.3173217280408274976239798210722276561312195495856578645625658777e-9,2.2462032010636637440937070390168472959796808854495057277300536925e-9
f,13,-3.6596196461705893531842921637443233900159393534280946527069740302e-10,-7.0299705391228910887723070989940005560606388317217631020707047078e-11
f,14,-6.8380233763427331712253701276941014283990347431689962371608619762e-12,1.6280434463390979173942650051524827861845216442028387505417216395e-12
,i,p_i,q_i
g,0,-4.3312445783193946771197769397065348851088293189832358209145615755e0,1.0000000000000000000000000000000000000000000000000000000000000000e0
g,1,1.4953329021363795822565319280450250181349130411633664936538747757e0,-7.3205556246980998653905086865958974787329223772443884786387849163e-1
g,2,-8.7980895475368570152463511015995655219831916597794354789348555402e-1,4.5807675072016029263740255531267761746464363444046723404788966200e-1
g,3,9.5605774757627148204766781745427054099433350222050400605258801086e-2,-1.7508779143032739501276457579893254814799638679340063967857270515e-1
g,4,-2.1146551010712566085294057850922165235966293256591725101890228572e-2,5.7683043947839684813013340841733337741340017906373156531731256969e-2
g,5,-1.0449696129619721252078861932501588866887792358921357505395701819e-2,-1.3901873536555336409636999149926837036988986380030435493301663499e-2
g,6,2.3809096477879127892061246214167289233861579745367430180537767360e-3,2.9141579563195592993561502097881675921881403244047303028447381690e-3
g,7,-8.6840649930835784374076544202324709205770686077210211102320102105e-4,-4.6585983960692662152452775824813234745717774113434033541424141061e-4
g,8,1.0782027693880466226375154622315686355776729701377786992730927085e-4,6.5088129096890669760591328245144010204583963048577163259401867587e-5
g,9,-1.9617161352883986183849592926468670931603121310517399561587389769e-5,-6.9117138771585880722958569856065786857775682493653747103126577418e-6
g,10,1.4210673471189795447338280325357030316687904710402133360891034605e-6,6.4421779682567517526507165818702928801852618409553042921584576138e-7
g,11,-1.7695530620729505423363587537470267039359435333256491668645545744e-7,-4.4302668216149522186634927816047536033282752329729298065051007629e-8
g,12,7.2026233172752920991310259684089376085794996776456139786845773242e-9,2.5948467761407937391877902751991310680677120443356325549868080756e-9
g,13,-5.2633626921051341494742083994904111883180984099147001997698576832e-10,-1.0351425728491527285676176682300605579631043551203887696032519018e-10
g,14,1.2809674598105177481995359231643607624140250494100899372707730708e-11,2.2219238949543926594811585199348305133889202217334834547408525371e-12
relative error = 1.5130500157e-33

x=3, n=14, |dx| = 0.5
,i,p_i,q_i
f,0,-3.0394967299119422526198149608317234392448042767070143998138355158e0,1.0000000000000000000000000000000000000000000000000000000000000000e0
f,1,-7.4983932984185902082396693628883568802987087290819013818260589680e-1,-6.6217561012494071741071107452816128423083238960084326062344870152e-2
f,2,-8.0558923956511850971303355340225319380465902577449338422118642004e-1,2.7671002449585299190824219067240560478750119253117923014755252386e-1
f,3,-2.0772332586224073776056572832880980811540331673618758105375955673e-1,-1.4845214755781192358782363648098535311126831209209122850864823192e-2
f,4,-8.8152703884798503972076981993178141512623584976197604607660233882e-2,3.0573316057214961414019362449710677474253821250829977868697197009e-2
f,5,-2.2464745817607349694198646375464360692225581520531134244391612880e-2,-1.2863908014820029133063327470138361045322585117686479117268908953e-3
f,6,-5.1449504259473158071092658264741299798898744473823802161313665792e-3,1.6991508060511995769506855495612370438348402889845151191274408539e-3
f,7,-1.1800333905338313167637735054123989399961101216612990121032621985e-3,-5.5629717382056062385918011538119241037149150291432695191520146519e-5
f,8,-1.6960991447490135399909460737210546233951233529753050196084433508e-4,4.8947597807176630487848448084046780027589062832595367050730452785e-5
f,9,-3.0385633184174738170928360867552713164128394132953176166468096654e-5,-1.3087160211012491331943073811187145012420011960885272060422866021e-6
f,10,-2.9732347581732718826696231378046543945429036244878007089620983476e-6,6.7255625846850902135301217515683975530455259617313117998250548850e-7
f,11,-3.3882372829484969618667885897581881656772629713628151973025845681e-7,-1.6516598182881066063068821730352165593467038211886842772070737148e-8
f,12,-2.1633804542292784191105418063634218957889847219307087804561091418e-8,3.4049971333624059141707890976327570892245307143280314082253616481e-9
f,13,-1.1287673484501440008604819444986088136763448537144940696588394103e-9,-8.3367165216335136400766557535182950698423911279877502627705958432e-11
f,14,-2.0305790180051744044297204489678869775898922374789612347019868265e-11,2.2934647399676503097674024625981578048397000644507606506352269346e-12
,i,p_i,q_i
g,0,-6.1118165791115282500395012632000421541383699524881074659023983693e0,1.0000000000000000000000000000000000000000000000000000000000000000e0
g,1,9.8427526555808500457007518421524019981372753898969351036614996987e-1,-4.6662477016362106661512300006110634508150508949610878504906913404e-1
g,2,-1.3786396618360632768933267675654679145097938118764251021659594836e0,3.5692559090641270218453733926674125298209924894191724859919075519e-1
g,3,1.3726085945650340672479623073899308314088219208458140764854633515e-1,-1.2335000092083425399385098259204607729701555607111487766540832119e-1
g,4,-9.5006419449629470495452685051807027935072005230117203103803658483e-2,4.7664162839682840347315764506837814476810553610957174518453641600e-2
g,5,2.1478290875840658420857873751142265063359614911995013397808716979e-3,-1.2494755824812791011472145232746377876677227858121462070466738851e-2
g,6,-8.2426308465086362145170098013490166816837700385540658412882809393e-4,3.0541138127387955986007344950435337741192481205285746631975470954e-3
g,7,-3.9498195529960271891496203499746794733182073799371818736360437009e-4,-6.0606472716589459654772095894258163044801551200168683743049100963e-4
g,8,1.3988472339914924947804012728480961826507333731228184231621314654e-4,9.8415333932089831557334576074510667705524042963201867547437442408e-5
g,9,-1.8011206225352876630597268267411165775742984747720583504353799585e-5,-1.4278664664168314001614197723892617023106502373710825626661671313e-5
g,10,4.6720640559138673104180504091255053805527591770680505344988304238e-6,1.5060338659906043934773251195585658311518616500834442794494168801e-6
g,11,-2.3559804944292770725440744750976243762402626286813753595306146748e-7,-1.4400496087463252924475962293610497644655037663038994085356345171e-7
g,12,4.2005949967775788686893037855508162730975153205931040286338317954e-8,8.9526391385867179598941590985813927767028855913305116182678899250e-9
g,13,-1.2711678763178774125033293204690605320501153511266371978181618166e-9,-4.0072992578527269718236386870742848125155586762457342214945673153e-10
g,14,5.9069892823658754532321049030163346211428769839735849037250423277e-11,8.3427949212311351291352993291825441673633030780322881139003352164e-12
relative error = 1.2799662961e-32

x=4, n=14, |dx| = 0.5
,i,p_i,q_i
f,0,-4.0108349373746181397521955582203810650084385727450647370140217827e0,1.0000000000000000000000000000000000000000000000000000000000000000e0
f,1,-3.2178421403352794232515656909912631041421929135901017658952798481e0,5.5657095333449362998941390667017465707216704711238688979820253481e-1
f,2,-2.1308668255280091004785088730753560315480695856225833177982574397e0,3.9219090891735688427380330920044196011606977340674548945630506128e-1
f,3,-9.6318316489253557752053122805565436045385210273722994798864923020e-1,1.4341756906588283935946042287236974739743513340931250279248882932e-1
f,4,-3.5926300784841868104050999002733361306967599673986137841046811973e-1,5.3696620559490614823952103214220874525086029969771359257392444777e-2
f,5,-1.0822528319925023115493464002821004500441550236012197232289309104e-1,1.3720586367587279122895421381199254277560146175041674024584933846e-2
f,6,-2.7135396254238246896017453216202587689775878502947426733939788460e-2,3.3286495090486658139954269193948396268711193573782306380202947698e-3
f,7,-5.6820951963938616459178076757790235539878264681794941336936752935e-3,5.9442608515957054304670296399011603218566769116682148682707092025e-4
f,8,-9.8241485029977633650912854138185614055941890691244113062304606174e-4,9.5742227071094856405266454873785011637981204481135857793485537357e-5
f,9,-1.4004540250088811665144793459177815253246940326473733753596278775e-4,1.1295883506716948247555713158230109414926087294191282983653714157e-5
f,10,-1.5932265179279048915566686684974933286628282474142310104259889083e-5,1.1268559454773776208345864783864323840944904826322856030384231828e-6
f,11,-1.4107707623783116024357547380903996268038985845001299800281031985e-6,7.4840489853916027410234225871474786124583649990305543278708840821e-8
f,12,-9.0812089703224907384825127383790750548803217480240241033432035613e-8,3.6272070950297920121973636464199476977945147788166676451860210583e-9
f,13,-3.8149767004205671845898942801301769536262988635652595121340953266e-9,7.2761676564814775420400184765853849832837445500747359747597559984e-11
f,14,-7.8075509424366905628376001785488804843611995318827533498541844871e-11,1.1449900699594104483716826730747586496303452871530752207851636036e-13
,i,p_i,q_i
g,0,-8.0318662953525211763759810323886933593870525558015684292658808639e0,1.0000000000000000000000000000000000000000000000000000000000000000e0
g,1,-5.0972801040705277785460744247535134058482123981929528631714804982e0,3.9082952520594206500638173153272063624724529742419218114744423516e-1
g,2,-3.6708255018960627526861912620431778941622345304624044774889925152e0,3.5850048844515240412318899859754995177928919655491844428581663224e-1
g,3,-1.5790818660605567730576481939160543545735213263821668700139275129e0,1.0915041950631655291126983740939455810198462555052972053681837585e-1
g,4,-6.2618344253210970959851487998219225253224712416524091048319549764e-1,5.0390907183538777972410493052087906982673495395207286564653137540e-2
g,5,-1.9414827533727770761550038065615306317674795130941108742634521232e-1,1.1882849420342666902384508526487962400080148382196344444208304522e-2
g,6,-5.2102211859803659574628619526678607137288732328579962043560966774e-2,3.4782710047447178265297308252912527473780372613255614026716120049e-3
g,7,-1.1744485412299719716388060373355994276427555094116360076498105957e-2,6.1482668328349633293842511311882290017906426026242874079986678739e-4
g,8,-2.2101497385309369122803862190530411944460613916251399029932258562e-3,1.1900436509192974246698286791547903431106363910665748844797951391e-4
g,9,-3.4944311716407791912822603413554666255688107003953318515183295521e-4,1.4583620402792998905574274025148092450429510358444781855733096909e-5
g,10,-4.4039759631220127743833568425867122954521307702394425234975572242e-5,1.7586953966994464662430126124255663271000973913770011285044220664e-6
g,11,-4.4144845755480395731574208058301068155035601931628233248625017142e-6,1.2472118372357811351845358018967590888211295305630418886527609517e-7
g,12,-3.1887116829951982109278606231321335473373681777920687117005152054e-7,7.4322871354452091417429684467117557327853680876304700938789221622e-9
g,13,-1.5397359583558994275556634215636139271576067650285866604190101326e-8,1.5846727636248823555548970828532655805574734959870537535238397459e-10
g,14,-3.5646164072837146698361500141900758788786450693667416111449034047e-10,4.4119980012035242626395650340374670853011831054664253747597952525e-13
relative error = 1.4503128557e-32

x=5, n=13, |dx| = 0.5
,i,p_i,q_i
f,0,-5.0027883545651018386467197191534701788934474087563400009185717711e0,1.0000000000000000000000000000000000000000000000000000000000000000e0
f,1,-6.9134375929102332711263821836630684553130189181449804379405965098e0,1.1827930777862716272230242641805698232915338101158396911078055857e0
f,2,-5.3946368509111762959291959185201924446779784759413297713865847122e0,8.4228439010792007044892803362873289595644089458823417959975644040e-1
f,3,-2.8856689369060985636133362211626439404544769450933987926543276617e0,4.0870945374589151102618730204083731173525284946651148011372532130e-1
f,4,-1.1555393647059074200423658619154331383266481521076452800825706760e0,1.4935677285098465927479655506063926812834679138761451783237741009e-1
f,5,-3.5934100764240060654766133816962850715297260902282696843591834215e-1,4.1999667043648732037549331362342619848440494811277480207084364879e-2
f,6,-8.8295333255491884835797598384750377316833046098839378449795497734e-2,9.2583846980325459923180059725257208829378412693308814616367795772e-3
f,7,-1.7200169147811817671429013178784994062853608995388868916963999286e-2,1.5885178475576383576890666965858006138466885279424801797486349811e-3
f,8,-2.6355248094408633852152822384348917676464713863287827179628385626e-3,2.0937028073042400932945103515410413096705573394230980279481204496e-4
f,9,-3.1146656969187943851913044422952645466729007097455920854868619865e-4,2.0424771160765676074024086508713305428301142540615512752368527900e-5
f,10,-2.7376179107932219551237765980368655258271099514904352562350202455e-5,1.3894679412507399160342897759529157199804454093028303323175107131e-6
f,11,-1.6794907091925064960275195210439381103013927975247046109959075435e-6,5.8095138740697985772211444776294413970613210868672730282848714310e-8
f,12,-6.3669833926089076830988286148889705776254979902940812701610828187e-8,1.1079005818180819484352939595379389681768764125161847389992775203e-9
f,13,-1.1059859761347640214781257459204991282968656280970880296443742112e-9,-4.0003815009883418971228357717894411069177561421186667549304804660e-14
,i,p_i,q_i
g,0,-1.0008318463987980720730251553068175587952990361826274468310965936e1,1.0000000000000000000000000000000000000000000000000000000000000000e0
g,1,-1.3598480085291408999972080621890509789507463377771802788909498004e1,1.1600182592982746845086066663700718143126233369166657016430613633e0
g,2,-1.0717189374433200636451056596059685495704125589197222120707617788e1,8.3957087846855433067302548538137605092534034032283043781477141722e-1
g,3,-5.8243837238809222155985287478090448333098858875590394651803192379e0,4.1457902940008690799216831358431728224123969914622843755819840082e-1
g,4,-2.3878115442902899633280423330238747728091662609630367254258001031e0,1.5584892970522241147767272733997735911392755586869396080946754560e-1
g,5,-7.6434711944853272801447671235192799065916341636194705978336214249e-1,4.5270101766064205978360442262817663568404927003381033172279270499e-2
g,6,-1.9446678295491330882570792196760693431885140576625739889382673928e-1,1.0391295963495276717907062490489499057141549405618502212498930595e-2
g,7,-3.9459461761619064418783904363768978746034266789313042431433179581e-2,1.8679810085483529714915647457815854421607848269813650100769754412e-3
g,8,-6.3402603657470914501086492558380827626055549818386114724866914972e-3,2.6037250709993002191257227693192342301989340133204120066648004199e-4
g,9,-7.9197916991401997898435464216340938878973378699820847199521230081e-4,2.7133359221436432423575489242035953458180384400523829600292275639e-5
g,10,-7.4297432921615864747082575249516879350534659128319067940511662629e-5,2.0016845548248117787067246782057649409609396110542887956590348979e-6
g,11,-4.9291340440314417033241596697770330201232655798200708083497201616e-6,9.2718952664388390215425676057084928294475655927519010684531889410e-8
g,12,-2.0584474233814449673966678630237668369796660985118931535510711127e-7,2.0306747528002897225092589077291226362477901935983853490419207668e-9
g,13,-4.0566244667296715920623535782212472133153971923240725277016304715e-9,-4.2534293545415086224374322893779545139350947640954675957027043018e-14
relative error = 1.9010162597e-31

x=6, n=13, |dx| = 0.5
,i,p_i,q_i
f,0,-6.0007025630987215740488925223534354863102967458468303263368038613e0,1.0000000000000000000000000000000000000000000000000000000000000000e0
f,1,4.4177183399660845988861321259078086748022062644310635098272953307e1,-7.5284871312142977082506452670977993628047124309758783097926467791e0
f,2,1.6025375040215462017272860086645510618843017991682149480304123622e1,-1.4173124820639915779022241800434407757499356984115688535272496382e0
f,3,-2.6408932571353021551190492550588625608441305724744133883675198943e1,4.6378263977768265195806986953840691770715145680589451298592617893e0
f,4,-3.2307969373323256122450776555210655610569158807908253985872467197e1,4.6116579789534302889892275794765224735036144090851714331710621739e0
f,5,-1.8232651436455636223467136121171684315975565452886998807458253767e1,2.2701913149106286790713438076535410070102552787382252401584176306e0
f,6,-6.6146486304621898425333499821162100510333368899699265114964926754e0,7.2406983404818432556080864442250564113237931968716945851257993174e-1
f,7,-1.6947418582334009891632279149213202065196733666966843001903740828e0,1.6177956580063402274741541400010471228094059007556115613611520317e-1
f,8,-3.1823630391465402752152399872509258067142447841753044610105522887e-1,2.6075941309067794419316183417963751206404598938841618919150586287e-2
f,9,-4.4284427991189198198777598579084271918012402469913184683994803961e-2,3.0347995098626802825478819181579223035828770101495091044773365507e-3
f,10,-4.5252409998283916681548060532155329020724436482359518252378985721e-3,2.4839650487366775580350630778044170041047026598995067762265516750e-4
f,11,-3.2734588129314929179792727347755109164088752832082280382119357225e-4,1.3159563379605936664481420646680009083928623927425416531056986821e-5
f,12,-1.5250841151874717882705908311710331483234245973687064571788409750e-5,3.4843766717000554513825303656782921939439362202288152296873344750e-7
f,13,-3.4840166872459760391305676280701586414638519986427125668973338990e-7,-7.1887676508715989934510762746524071331861336400012673489796344426e-13
,i,p_i,q_i
g,0,-1.2002104642260675537746752092136076479037508732350784187735745117e1,1.0000000000000000000000000000000000000000000000000000000000000000e0
g,1,-2.2892231022712642831100094370660607750962754466402479203990312736e1,1.7409560563538553666892436607700919183299507853619637409226022014e0
g,2,-2.2577382699621379387153979481675544670003333372173296182047172113e1,1.5912652124908380644333839245451728274449400676763992128451606589e0
g,3,-1.4558149815903215424910320514210840557823336890829406789638722253e1,9.4797319351265663012190366299394590076652871654602395401688809861e-1
g,4,-6.7373376631465545406012685962446228672323219953316477973004551278e0,4.0344952764285182346896793009149115720426925978561963356485512194e-1
g,5,-2.3399911416164334026033755631552250492411267021345715990447484257e0,1.2775796810102356211209336134653235710499499973917340438115984306e-1
g,6,-6.2432577361790895978114574118583615015785471517118090101894724168e-1,3.0734027002178539034545572979867918554592726145983718058272653040e-2
g,7,-1.2928448031917845961429319294552727643691201772716356896377783250e-1,5.6513864013903253467296489806179087138257997633566039428225725829e-3
g,8,-2.0796131738154144648675109995639381071619224759929462849521365181e-2,7.9111076073644738997726266907246710092630836809327651414328702187e-4
g,9,-2.5764217811263281964551637611395520769011857117483929923783019748e-3,8.2850840415622656898913311248215113548471371132399662615181340889e-5
g,10,-2.4064026069503967029513282409679556445110695687855999166790471763e-4,6.2446810784419066485813767947144894148264457595671767933608371848e-6
g,11,-1.6198036706975149551286364134306486245474143916895545094568758501e-5,3.0908528189593990889313673533997097580271522185282841534875019564e-7
g,12,-7.1081257054951585688892449376199265917665775646806468709669239476e-7,7.7176008036952298159832102059650827081837295388845105627241515222e-9
g,13,-1.5433389876822433397064066735585653524147475132515640907775436530e-8,-1.8803551091976854470454772351108237577801487234296299000328731627e-14
relative error = 8.4896387334e-32

x=7, n=12, |dx| = 0.5
,i,p_i,q_i
f,0,-7.0001759922169523204836391740801999722072142195825694275459080166e0,1.0000000000000000000000000000000000000000000000000000000000000000e0
f,1,-1.0844742215596702401619659622430674445503592259514063833117737065e1,1.4063912164863154204094170341043645508736767655958426217288404075e0
f,2,-7.9745208357382953113877572903536633446360183712478970297860848669e0,9.3830551563241092540365835596838091025540637176905876306917072591e-1
f,3,-3.6541849392736177493809185311239527665644887191047742623775117547e0,3.8798290487945645608335246887605066117834975958083826011086222025e-1
f,4,-1.1595356607904075704194561999610960573561257156169566289631410512e0,1.1022173865995026988396645133527704003674769306441716608506107999e-1
f,5,-2.6862564082119379021544547212468019516854109098020163574145869003e-1,2.2629134285876600725629894588720802908450227357380542338066318549e-2
f,6,-4.6744533591521419739715268885229862698791466789479008324012701473e-2,3.4450582284771343387755635604177264146592015511734349169118046130e-3
f,7,-6.1905953807883716036720009612456978648859112341183800747564902275e-3,3.9221949699308331065034344032013483194960671948001925682423419222e-4
f,8,-6.2383776757664960411954964765915235992461264572485902635445385819e-4,3.3088280612708814310108735669783486244696207033729724534257925983e-5
f,9,-4.7068430162194707740612628601041363633162790688564614572084202126e-5,1.9971759248720333159799953399187706281078444624069531928969984001e-6
f,10,-2.5510391275406415430826641198694180829399899312352843138537350390e-6,7.9121883686286527220322275566387357309845139389013957350834309782e-8
f,11,-9.0329734864280612013822302221897486302004538621411051577104061940e-8,1.6012250833583118655082801671590733257906809196741523032196753581e-9
f,12,-1.6012599510643391121790365388135615329720454081455325385453559518e-9,6.0244732416288512284009999432864085578587274334386954943298816839e-16
,i,p_i,q_i
g,0,-1.4000527783942911984788142107599745563015481873303006373130005682e1,1.0000000000000000000000000000000000000000000000000000000000000000e0
g,1,-2.1180988438743997892352569177440435784722076374003756207641908286e1,1.3700711603640684638997345502092092334176976462183804523247686607e0
g,2,-1.5316805004928748181765499767061307713547598982977383773853769875e1,8.9833459800093994588871169544138591868301493166015786493811320761e-1
g,3,-6.9347017136994585758109892100794810431779620464234627044711865674e0,3.6700252877817004850061740589379841635630311174423395172675557801e-1
g,4,-2.1814837781897610107843110037537807421134626594482071322916035172e0,1.0339121516384515051462917798371383449456187281421169272790234957e-1
g,5,-5.0217510680168123147875224405539762477536847881941389739809575840e-1,2.1099486603655056305007675242855076402747627751524155839206007074e-2
g,6,-8.6964333351161397305513350518336021992568470522339042540356735221e-2,3.1975267937785530526574204872837447860596272468328025987297504086e-3
g,7,-1.1472166816652117040761442413054863344047077480559076552849671665e-2,3.6265091957837252950940561733396311014760112524975714796400132230e-4
g,8,-1.1521473032050846213099671693061259830507226944262059605638895042e-3,3.0488885168178862421730183594514085437853779108268464819101063068e-5
g,9,-8.6658590096304054123581735821250277439369641546751919619312771116e-5,1.8343623481621688092783278347593775812399653087457480223033911412e-6
g,10,-4.6840201439476045804699732926753123657702104497409519766167033362e-6,7.2518952296420228534883633114803369312726031183278374175239632039e-8
g,11,-1.6563736736801986847553977233363734510102027448490182704436404605e-7,1.4715446578219435198816901603057368863653348560995587354262352536e-9
g,12,-2.9431935670851596470925752125004390855592668319991489780724570690e-9,9.0511409151569948409750300693527386572654670822200208012563868633e-16
relative error = 2.7410565942e-33

x=8, n=11, |dx| = 0.5
,i,p_i,q_i
f,0,-8.0000440201721963206649914350200007246218306033217231929440379935e0,1.0000000000000000000000000000000000000000000000000000000000000000e0
f,1,-8.2253735759024721285915014833197279719965780828992146092449088266e0,9.0317435408667499106921415875576524947174353148816776017239020891e-1
f,2,-3.8955113958931204952303714308629378360288010757510183454006134387e0,3.7404167566882929520579350540731739455872171047545256759707143975e-1
f,3,-1.1133525219177781972245896724008604953436144064888799955899029723e0,9.2413867412705556308170753760497497628241646113025247903921522990e-2
f,4,-2.1189801944434785741112451657074879203003709592127505964270872101e-1,1.4935524411990279733413171738414624790647817988700668990681228770e-2
f,5,-2.7859032232220636460546672128603770933935658462637664710383434660e-2,1.6154386284073529832830398068102105287257573186411179621533106210e-3
f,6,-2.5073243975932577248800378605049532152597322551410610995791967289e-3,1.1148536268547166803386099816091550201422500689707079862009930332e-4
f,7,-1.4147430835900613181641452114833536656488620396065990170590085132e-4,3.7487014264355695551110213551307716204008245262906168189030779036e-6
f,8,-3.0735845182928610052782353334866392333188968023289351103323789935e-6,-8.4400442160166263590380102784428174538196508208675603484351574396e-8
f,9,2.0164805955681303397888492698824332117307438624627467517127597221e-7,-1.4655026935309039355512644690434624167294675073543078563659610083e-8
f,10,1.8774827437743324878749512795405603333216812555066663339041331592e-8,-5.1502786575011724757478510015064949461511180083053711966180219283e-10
f,11,5.1504493060572101310859975621639536621048881721926547890704154682e-10,-2.5731479784129543466566656359842753468802722481114308777446835732e-16
,i,p_i,q_i
g,0,-1.6000132048436179308934714717830886052504735180008083956822040764e1,1.0000000000000000000000000000000000000000000000000000000000000000e0
g,1,-1.5008113842111686397020187353487997489180666338492772215401367642e1,8.1301184348353031737774719810966020187012895274859208241551660765e-1
g,2,-6.1746823628047189092003961483819584873985397990381587117437367380e0,2.8429019612361010939817929753640547739132487622757987444417888074e-1
g,3,-1.3794556152802426290173671159292849075120748199316247634450566810e0,5.0679750424867673513194282443982623904271867613822890994019316179e-2
g,4,-1.5132551064863685351813476226952246290602156299279539560652152683e-1,3.1228855882595988399866944216248871004619802333812377793298520392e-3
g,5,3.9643268433915958448908975298667986604511237960851759454829062378e-3,-6.3813106163297428554908713352476559515301063726059483918386271354e-4
g,6,4.3444011426114285936127292142145937881802179457206083989952315430e-3,-1.9175947280689146074987789410831169369292840758464157653573881941e-4
g,7,7.8957262812922492101614019917466958609789495481984710607979600140e-4,-2.5378154267940698218810239191600639805685098827504820227546159081e-5
g,8,8.3353411640384707069681069266496789479067759525371281330291679476e-5,-2.0373468588840563081814904333147076885673447347845141536811495039e-6
g,9,5.6644502181950777250035348988595088287749125159102008108189081141e-6,-9.9357269407672929583309756656253072684545112782270961266878967107e-8
g,10,2.3685269469094508322209378433577895183703126071449993400334856470e-7,-2.3837843982488742377165626114359186542968058586519257457099150877e-9
g,11,4.7676695133380758474052673677436270379995974198250164085292827753e-9,-7.8043840752900325657823728350711011559592734637532884056858217568e-16
relative error = 2.0548560381e-33

